main	8184
main-archive	1112
main-rabota	1048
main-internet	897
main-bonus	870
main-news	768
main-tariffs	677
main-online	587
main-vklad	517
main-rabota-archive	170
main-archive-rabota	167
main-bonus-archive	143
main-rabota-bonus	138
main-news-rabota	135
main-bonus-rabota	135
main-archive-internet	132
main-rabota-news	130
main-internet-rabota	129
main-archive-news	126
main-rabota-internet	124
main-internet-archive	123
main-archive-bonus	118
main-internet-bonus	115
main-tariffs-internet	113
main-news-archive	113
main-news-internet	109
main-archive-tariffs	104
main-internet-news	103
main-tariffs-archive	103
main-rabota-main	94
